language,model,n_params,R2,RSS,RSE,AIC,BIC
english,null,0,-2.587953255289792,2492.032514030529,1.8868085352295398,1562504347.1948853,1562505819.5214689
english,model1,1,-1.7174955341284255,1887.4513534412883,1.6432335587275197,3920.165166179828,5397.399505153451
english,model2,2,0.2957707116423166,489.126295425547,0.8371105093759488,3152.404896584688,4634.5469908372925
english,model3,2,0.2291962289262598,535.3659657134971,0.8757853337884437,3243.1756266229963,4725.3177208756015
english,model4,1,0.12742913014907187,606.0488595436804,0.9311405312323653,3435.5812990574614,4912.815638031085
english,model5,3,0.3191131897266666,472.91364988494985,0.8237103740531256,3109.0093544783917,4596.059204009979
english,model1p,2,0.2819363315322083,498.7350396295075,0.8452929161435041,3179.458991487776,4661.601085740382
english,model2p,3,0.3059209849047707,482.07636773793354,0.8316518003251858,3151.802653377233,4638.8525029088205
english,model3p,3,0.24174720729933274,526.648615189914,0.8692487688114496,3222.1407145821604,4709.190564113747
english,model4p,2,0.3059271436378105,482.0720901562907,0.8310521605974286,3149.739154471193,4631.881248723798
english,model5p,4,0.32340194689837587,469.9348701862668,0.8217017579409557,3118.0816543128126,4610.039259123382
arabic,null,0,-0.9381891077534248,981.8253197799337,1.18431735598429,3392.362522991707,4864.689106686348
arabic,model1,1,-1.4840721626489883,1258.352415506172,1.341722045706352,3400.908546634847,4878.14288560847
arabic,model2,2,0.49369785138928035,256.47666008255584,0.606172476900356,2531.1600786945833,4013.3021729471884
arabic,model3,2,0.38654902000626723,310.75487019932467,0.6672387506948558,2702.4095385572737,4184.551632809878
arabic,model4,1,0.3451177660634367,331.7426334617309,0.6889093134429226,2814.433867559456,4291.668206533079
arabic,model5,3,0.5236067270838136,241.32576932294316,0.5884173375764918,2449.770849927085,3936.820699458672
arabic,model1p,2,0.473639903099908,266.63738248810546,0.6180630879141585,2572.8032118662704,4054.9453061188756
arabic,model2p,3,0.5111220650717105,247.65010435472212,0.5960776917224677,2495.0778143635207,3982.1276638951076
arabic,model3p,3,0.40978362026615933,298.9849563457846,0.6549502005511462,2695.76142604715,4182.811275578737
arabic,model4p,2,0.511130781330001,247.64568897386533,0.5956452389458764,2493.002968169916,3975.1450624225213
arabic,model5p,4,0.5293825497090752,238.3999202025687,0.585259447579193,2437.443075604047,3929.4006804146165
czech,null,0,-1.3251537999130631,1556.4147337489114,1.4911236097793172,3822.7794590368076,5295.106042731449
czech,model1,1,-1.2686169291525973,1518.5700033680923,1.4739366591562577,3652.7763774418677,5130.010716415491
czech,model2,2,0.4803847043290139,347.82082032330857,0.7059112060561764,2598.882451128383,4081.024545380988
czech,model3,2,0.3786482783029117,415.92129283050446,0.7719299046507607,2792.082729747059,4274.224823999664
czech,model4,1,0.3875328466496232,409.9741279253967,0.7658428066328232,2888.7235351674667,4365.95787414109
czech,model5,3,0.5119513963653118,326.6906634352586,0.6846237679465904,2559.3187902198047,4046.368639751392
czech,model1p,2,0.46015771434347097,361.3603914407408,0.7195194904886444,2635.6875606028625,4117.829654855467
czech,model2p,3,0.4978443013919821,336.13369058800293,0.6944478423335106,2574.0325422540654,4061.082391785653
czech,model3p,3,0.4036163528804728,399.208127814362,0.7568037901451985,2741.9196206682536,4228.969470199841
czech,model4p,2,0.4978517571460941,336.1286998447878,0.6939450568294127,2571.8999526573525,4054.0420469099577
czech,model5p,4,0.5158647110314027,324.07116333839303,0.6823631639788027,2544.2275167239895,4036.1851215345587
german,null,0,-2.8182850050878137,2305.155104763656,1.8146841932112971,4263.312163138504,5735.638746833145
german,model1,1,-1.8150756301477053,1699.5027742779796,1.5592736902247637,3646.1853722078463,5123.41971118147
german,model2,2,0.43041317069023455,343.86798927791267,0.7018885588957533,2630.2884256887346,4112.430519941339
german,model3,2,0.3441083463097794,395.9714876341758,0.7531894813998462,2774.0497443177064,4256.191838570312
german,model4,1,0.26627542440372953,442.96037322321143,0.7960564221303003,3025.353190522089,4502.587529495712
german,model5,3,0.45399347864683814,329.6322087676483,0.6876990608048844,2566.007145383973,4053.05699491556
german,model1p,2,0.413621850767829,354.00515734768135,0.7121591904430461,2669.5270666845186,4151.669160937124
german,model2p,3,0.442802234064545,336.38852856649953,0.6947110384358928,2606.2356233081896,4093.285472839777
german,model3p,3,0.36313573084835027,384.48437429901526,0.7427163050281613,2768.861881428601,4255.911730960188
german,model4p,2,0.44280902573979364,336.3844283317479,0.6942089851683454,2604.169422158722,4086.3115164113274
german,model5p,4,0.4574134900257879,327.56749733881804,0.6860342235971743,2558.923431074063,4050.881035884632
spanish,null,0,-2.4837575090347874,1397.6785198536975,1.4130405513611406,1718753665.7655852,1718755138.0921688
spanish,model1,1,-2.4598378881856178,1388.08200224958,1.4091881215851085,3300.5000643828353,4777.734403356459
spanish,model2,2,0.5004853979124078,200.40454247475097,0.535828820646538,1993.4633909262188,3475.605485178824
spanish,model3,2,0.3801365947242329,248.6883098351308,0.5968977943008013,2144.1866172832433,3626.328711535848
spanish,model4,1,0.23037229925563618,308.77353054140065,0.6646323007461621,2508.245444079548,3985.4797830531716
spanish,model5,3,0.5385571340577509,185.13021649601004,0.5153737155780902,1954.246066996599,3441.2959165281864
spanish,model1p,2,0.476591201017184,209.99086002498194,0.5484947623576591,2028.9365838182873,3511.0786780708922
spanish,model2p,3,0.5195386463359873,192.76040651350496,0.525887112108879,1979.9555284348821,3467.0053779664695
spanish,model3p,3,0.4013994834687823,240.157669343873,0.5869915386873069,2132.2381064737397,3619.287956005327
spanish,model4p,2,0.5195485361672751,192.756438727366,0.5255048585340875,1977.9379359655015,3460.080030218107
spanish,model5p,4,0.5484469679370807,181.16242931730648,0.510187070318592,1948.5907126749264,3440.548317485496
finnish,null,0,-1.0882288110481269,1910.8517237411088,1.65220706231786,4077.5050317027035,5549.831615397345
finnish,model1,1,-0.8442197462898982,1687.569131558268,1.5537895580754688,3887.274453650898,5364.508792624521
finnish,model2,2,0.44928927753489145,503.9325804421685,0.8496860876964406,2974.1000553714816,4456.242149624087
finnish,model3,2,0.3634535517246077,582.4772991795875,0.9135068133106754,3150.171628502555,4632.31372275516
finnish,model4,1,0.4084046628126735,541.3443985835095,0.8800315368450897,3171.8652251638564,4649.099564137479
finnish,model5,3,0.47459117266495865,480.779863811016,0.8305327185442344,2920.846450685749,4407.896300217337
finnish,model1p,2,0.43205071575682497,519.7068745780216,0.8628822184349081,3012.9197051059195,4495.061799358525
finnish,model2p,3,0.4644666237161964,490.04441935612084,0.8384966558256964,2936.3997819338115,4423.449631465399
finnish,model3p,3,0.3895319746774233,558.614014089279,0.8952400943472888,3093.2522462528195,4580.302095784407
finnish,model4p,2,0.46447417037956695,490.03751371693335,0.8378898944605786,2934.4030364029404,4416.545130655546
finnish,model5p,4,0.47670783675851713,478.84299213758715,0.8294533168270435,2911.943116815404,4403.900721625974
french,null,0,-3.1586703084657044,1940.077827255594,1.6647942074689823,4111.066655884667,5583.393239579308
french,model1,1,-2.5839485968795595,1671.9621155530156,1.5465879726075489,3571.9416389269654,5049.175977900589
french,model2,2,0.3616119285764654,297.81695847156476,0.6532012402578918,2764.617379737596,4246.7594739902015
french,model3,2,0.28215900394305227,334.8828583766632,0.6926578294760513,2810.547978503525,4292.69007275613
french,model4,1,0.05856431964524489,439.19290392543695,0.7926638811663064,3018.644352480327,4495.8786914539505
french,model5,3,0.3895840098422432,284.7675915776672,0.6391884106882747,2632.91688880612,4119.966738337707
french,model1p,2,0.3460691571444804,305.06787859569954,0.6611051338388685,2771.456766409039,4253.598860661645
french,model2p,3,0.3726076284504545,292.6873107865205,0.6480157449626834,2769.4464139191036,4256.496263450691
french,model3p,3,0.29473083771438,329.0179221978934,0.6870579807145454,2822.58915937869,4309.639008910277
french,model4p,2,0.372617046502127,292.68291713377323,0.6475465235731346,2767.4276339022954,4249.5697281549
french,model5p,4,0.39394345223721616,282.73385076573794,0.6373592370690251,2636.585644697829,4128.543249508399
galician,null,0,-2.2525344149359676,1558.3207425232981,1.4920363565674253,3839.0973545420875,5311.423938236729
galician,model1,1,-2.1298402756372767,1499.5367919593325,1.4646706368101359,3481.248417580559,4958.482756554182
galician,model2,2,0.4819947769669194,248.18131979819452,0.5962890491056944,2444.722044092313,3926.8641383449185
galician,model3,2,0.3576692724964968,307.7468732174799,0.664001580694989,2638.759596815614,4120.9016910682185
galician,model4,1,0.2585106681485617,355.2547210193271,0.7129044754788931,2871.740415167874,4348.974754141497
galician,model5,3,0.522315116926948,228.86345437707166,0.5730227114178605,2322.7639710205176,3809.8138205521045
galician,model1p,2,0.4568971058955663,260.20585710667564,0.6105634781886451,2496.9601358352083,3979.102230087814
galician,model2p,3,0.5022972072882849,238.45422878014585,0.5849060658378128,2399.2759882447453,3886.3258377763327
galician,model3p,3,0.3799675315698259,297.0635613125969,0.6528423246687558,2609.264324170251,4096.314173701838
galician,model4p,2,0.5023053891409632,238.4503087752775,0.5844821242315652,2397.248787941261,3879.3908821938667
galician,model5p,4,0.531936345447037,224.25383060105185,0.5676299671433956,2307.847098470107,3799.804703280677
hindi,null,0,-2.680316744315823,2132.083193061163,1.7452315413561945,4197.953508554938,5670.280092249579
hindi,model1,1,-1.8691323343738016,1662.1473785468772,1.542041907801978,3682.923789050469,5160.158128024093
hindi,model2,2,0.36302518194364153,369.0126144926757,0.7270979077593449,2673.073296039019,4155.215390291624
hindi,model3,2,0.3008869844648713,405.0105504573505,0.7617377118335694,2791.3822227799787,4273.524317032584
hindi,model4,1,0.16653231340367158,482.8449750408513,0.8311229412103134,3189.7335776365812,4666.967916610205
hindi,model5,3,0.37437226193483364,362.43901764753815,0.7211092778484065,2640.0117192549324,4127.06156878652
hindi,model1p,2,0.35199886231211863,375.40038826350656,0.7333641018086736,2701.9478855916045,4184.08997984421
hindi,model2p,3,0.3704927534031862,364.6864967403195,0.7233416166093074,2652.6565961082324,4139.706445639819
hindi,model3p,3,0.3135550798512112,397.67166222088923,0.7553459992011388,2781.073221774817,4268.123071306404
hindi,model4p,2,0.3704993230680562,364.6826907983242,0.7228195060961032,2650.427753384963,4132.569847637568
hindi,model5p,4,0.37678338884913176,361.0422022298836,0.720235236785388,2636.1721580281746,4128.129762838744
indonesian,null,0,-1.342401152043828,1305.7680264411852,1.3657902089691443,3763.4043370192603,5235.7309207139015
indonesian,model1,1,-1.509049802725949,1398.6660680598943,1.4145504187080387,3527.8584417974307,5005.092780771054
indonesian,model2,2,0.4109317486268075,328.3752176110361,0.6858947449586874,2781.88633695464,4264.028431207245
indonesian,model3,2,0.3283884729073647,374.38884347444696,0.7323753827463,2976.134406180013,4458.2765004326175
indonesian,model4,1,0.2633751349752923,410.6304316797142,0.7664555581210815,3254.886306649064,4732.120645622687
indonesian,model5,3,0.43372714337340135,315.6679588290652,0.6729748928113659,2677.9050007209803,4164.954850252568
indonesian,model1p,2,0.394638201864734,337.45803093730007,0.6953159193516774,2816.409520584912,4298.551614837517
indonesian,model2p,3,0.42449915082183476,320.8120895052132,0.6784361389983692,2744.6391083530525,4231.68895788464
indonesian,model3p,3,0.3460820747870915,364.52557151226915,0.7231820045042857,2961.7961293343897,4448.845978865977
indonesian,model4p,2,0.42450668271418157,320.8078908630649,0.6779455426725703,2742.5886515556967,4224.730745808301
indonesian,model5p,4,0.4394668249979242,312.46838187329286,0.6700364352261697,2672.1119123612357,4164.069517171805
icelandic,null,0,-1.8379438281205025,1571.3815804236162,1.498275952278683,3906.5780276001346,5378.904611294776
icelandic,model1,1,-1.9288607162050204,1621.7226484425921,1.5231746497065646,3604.8048859936403,5082.039224967264
icelandic,model2,2,0.3953328384478473,334.80678177458935,0.6925791481613441,2564.1202701432485,4046.262364395853
icelandic,model3,2,0.32069394542133445,376.13465462496447,0.7340809651254744,2704.0655757934037,4186.207670046009
icelandic,model4,1,0.1868074825593189,450.26815914495194,0.8025960731112556,2909.2032382593566,4386.43757723298
icelandic,model5,3,0.41352907276252704,324.731449362497,0.6825677838670431,2523.10053922861,4010.1503887601975
icelandic,model1p,2,0.38143664286410295,342.50116443357297,0.700492217891131,2610.7712431341242,4092.913337386729
icelandic,model2p,3,0.40538112289465456,329.243003894945,0.6872929492782617,2538.504176077994,4025.5540256095815
icelandic,model3p,3,0.3373131343467918,366.93253895929286,0.7255656665850186,2687.5436546261603,4174.593504157748
icelandic,model4p,2,0.40538678973674735,329.2398661403512,0.6867971699392815,2536.4851481107453,4018.627242363351
icelandic,model5p,4,0.41643545808199345,323.1221714369196,0.6813633343847099,2529.659064612297,4021.6166694228664
italian,null,0,-2.831351755763171,1870.187497270057,1.634532478928305,156254003.52359754,156255475.85018122
italian,model1,1,-2.3835637165138466,1651.6099179153398,1.5371461200687937,3534.4907217281416,5011.725060701765
italian,model2,2,0.4386280016694897,274.0210138669721,0.6265622467824592,2321.0522903036513,3803.1943845562564
italian,model3,2,0.32816626631104384,327.94040565431516,0.6854404871291649,2444.564619244228,3926.7067134968333
italian,model4,1,0.18103329016643976,399.7600322411623,0.756242530074518,2768.8143163880213,4246.048655361645
italian,model5,3,0.47941698674928523,254.11079554576924,0.6038028642842711,2264.23798839569,3751.287837927278
italian,model1p,2,0.41589666736405373,285.11679935582606,0.6391218897112352,2357.9920683179207,3840.1341625705263
italian,model2p,3,0.45612211508258604,265.48165902131393,0.6171644082201797,2290.337170247938,3777.3870197795254
italian,model3p,3,0.34664476820941914,318.9205438870839,0.6764331126841426,2439.983105860052,3927.0329553916395
italian,model4p,2,0.4561325713986183,265.47655500770264,0.6167162264952144,2288.213602425053,3770.3556966776578
italian,model5p,4,0.4877375443941504,250.04930397054792,0.5993882225544593,2257.760695076641,3749.7182998872104
japanese,null,0,-3.76831884640122,2453.09078373216,1.8720083881573975,156254303.60851565,156255775.93509933
japanese,model1,1,-2.127224158773252,1608.8195881324104,1.517103061680466,3593.3758955297335,5070.610234503357
japanese,model2,2,0.30104981989813806,359.57919349077446,0.7177439917309416,2676.273265141615,4158.41535939422
japanese,model3,2,0.23929166799167934,391.3510523245026,0.7487822514347928,2747.08820681651,4229.230301069116
japanese,model4,1,0.07500425788706866,475.8697148956958,0.8250978308454976,2936.9960358941034,4414.230374867727
japanese,model5,3,0.31831049792027166,350.6993321515897,0.7093344953753462,2663.7432766011957,4150.793126132783
japanese,model1p,2,0.2897864327027233,365.3737118970954,0.7235040013484275,2690.3249397881127,4172.467034040717
japanese,model2p,3,0.3088543069306525,355.5641274207553,0.7142373880683603,2667.501723052024,4154.551572583611
japanese,model3p,3,0.2496983358639181,385.9972784119175,0.744176124241327,2740.9019554269235,4227.951804958511
japanese,model4p,2,0.30885999074321846,355.56120334863033,0.7137226385630938,2665.170923053911,4147.3130173065165
japanese,model5p,4,0.32191073494233025,348.8471682039693,0.7079669453409235,2651.6520261602845,4143.609630970854
korean,null,0,-0.13557056906625653,483.85118354623296,0.831393995945736,3118.5622906395797,4590.888874334221
korean,model1,1,-1.5241804752825074,1075.5189890611491,1.2404248366914055,3275.4946246337213,4752.728963607345
korean,model2,2,0.4242248728293089,245.3299551141916,0.5928537597020235,2359.2735438002587,3841.415638052864
korean,model3,2,0.35460576546843414,274.993710420645,0.6276733204177535,2483.0174076676567,3965.159501920262
korean,model4,1,0.230639841042662,327.81390573632075,0.6848178916231338,2708.0526267495825,4185.286965723206
korean,model5,3,0.434055691215288,241.1411770312977,0.5881922516197943,2378.83078089998,3865.8806304315667
korean,model1p,2,0.41359711726810744,249.85829729459496,0.5983002395451809,2373.811729121838,3855.9538233744433
korean,model2p,3,0.4323898195755489,241.85098229261814,0.5890572950342136,2349.2747665333995,3836.324616064987
korean,model3p,3,0.37287488031446003,267.2094889187967,0.6191694915618126,2454.3677155039322,3941.417565035519
korean,model4p,2,0.43239480036006017,241.84886004804224,0.5886326003354817,2347.3177069258572,3829.459801178463
korean,model5p,4,0.43667024602831883,240.0271507653901,0.5872534341553778,2373.828798450554,3865.786403261124
polish,null,0,-1.220706389693122,1140.0463829682353,1.2761809001683977,3583.186095489956,5055.512679184598
polish,model1,1,-1.6518650484657442,1361.3907586590212,1.3955738117978553,3469.573461868292,4946.807800841915
polish,model2,2,0.46398061885984243,275.17683540062865,0.6278822770783513,2436.3747887701156,3918.5168830227212
polish,model3,2,0.3679743369205495,324.4636816830157,0.6817973903545627,2571.6584480259057,4053.800542278511
polish,model4,1,0.30226783875712804,358.1954959905654,0.7158490821584758,2857.2430344933614,4334.477373466985
polish,model5,3,0.4950357699759772,259.23401969712006,0.6098592397007516,2351.948381176664,3838.998230708252
polish,model1p,2,0.4454094532863502,284.7107342707489,0.638666606902104,2460.85690588084,3942.9990001334454
polish,model2p,3,0.4793243183063379,267.2998242223314,0.6192741437912112,2402.8722770830263,3889.922126614614
polish,model3p,3,0.3896016302940831,313.3608552588088,0.670511117126736,2565.2499010599854,4052.299750591573
polish,model4p,2,0.4793346455046752,267.29452253762184,0.618824241631642,2400.842942977349,3882.9850372299543
polish,model5p,4,0.49832773134019814,257.54402201729624,0.6083046230242435,2335.7969373622036,3827.7545421727727
portuguese,null,0,-2.33030918760743,1602.149855717411,1.5128732624274017,3870.0652925418,5342.391876236441
portuguese,model1,1,-1.9937598235044063,1440.2422114824858,1.4354206172163393,3452.948906537542,4930.183245511165
portuguese,model2,2,0.47695059415912966,251.62934817564752,0.600416937485094,2338.940485400353,3821.082579652958
portuguese,model3,2,0.36404204285671427,305.94755377997063,0.662057608990135,2523.683331242034,4005.8254254946387
portuguese,model4,1,0.2707606494419301,350.82349849908076,0.7084443640985546,2747.056211120011,4224.290550093634
portuguese,model5,3,0.5113842036061669,235.06397862597092,0.5807331963771489,2271.846634901098,3758.896484432685
portuguese,model1p,2,0.45473083370254885,262.3188619727619,0.6130375098635147,2399.8413091357534,3881.9834033883585
portuguese,model2p,3,0.49457321010648025,243.15143516310377,0.5906388768730801,2320.220064349699,3807.269913881286
portuguese,model3p,3,0.38527873198346496,295.7309773290667,0.6513764009235774,2496.5444846394803,3983.594334171067
portuguese,model4p,2,0.4945833794893786,243.1465428619913,0.5902096937617195,2318.160011043122,3800.3021052957274
portuguese,model5p,4,0.5181690772375,231.79990202012556,0.5771012356907691,2269.0319882874373,3760.989593098007
russian,null,0,-1.1110642045660533,1188.0951966892085,1.3027965506605992,3555.6286470877844,5027.955230782425
russian,model1,1,-1.3970221179267583,1349.0307203858742,1.3892241741304299,3465.238807746729,4942.473146720353
russian,model2,2,0.5041526979447725,279.06010465665406,0.632297063785684,2410.453657516664,3892.5957517692686
russian,model3,2,0.3969109121802823,339.41518541430196,0.6973293152779333,2603.2828618830667,4085.424956135672
russian,model4,1,0.3822566631156782,347.6625153093785,0.705245536346755,2669.5691390121483,4146.803477985772
russian,model5,3,0.5355074807015369,261.4138072555748,0.612417894541486,2365.2574767939477,3852.3073263255355
russian,model1p,2,0.4837263564329721,290.5559360878407,0.6451893128450857,2449.9199257435102,3932.0620199961154
russian,model2p,3,0.521784570130249,269.13698502490945,0.621398645747432,2383.556242957501,3870.606092489089
russian,model3p,3,0.4223031042643597,325.12460089145776,0.682980850408741,2563.828743609706,4050.8785931412935
russian,model4p,2,0.5217936433257683,269.1318786809187,0.6209474675224304,2381.531746352486,3863.673840605091
russian,model5p,4,0.5398546141442713,258.96726472432033,0.6099831172577981,2370.995988212858,3862.953593023427
swedish,null,0,-2.2119933507060323,1932.592864498165,1.6615796548113764,4096.005982738098,5568.332566432739
swedish,model1,1,-1.7295130152473872,1642.2939903230058,1.5328048431412837,3633.335080950258,5110.5694199238815
swedish,model2,2,0.42618548505588294,345.252843341882,0.7033004910555861,2650.7038554921814,4132.845949744787
swedish,model3,2,0.3474156043228397,392.64712247654734,0.7500211290973573,2762.448021397887,4244.5901156504915
swedish,model4,1,0.27033840741381365,439.0229472363218,0.7925104957594393,2977.1214398352317,4454.355778808855
swedish,model5,3,0.44493475661675497,333.97177751242907,0.6922109976716656,2582.0544855697326,4069.10433510132
swedish,model1p,2,0.41128741707630057,354.2167161549501,0.7123719571821906,2678.71984017973,4160.861934432335
swedish,model2p,3,0.4371183100855621,338.6747787775451,0.6970678276554503,2623.6121893634,4110.662038894988
swedish,model3p,3,0.36640041058962114,381.2243400735274,0.7395608647720179,2732.668690741534,4219.718540273121
swedish,model4p,2,0.4371244889946784,338.67106105015137,0.6965644932058045,2621.5765514481445,4103.71864570075
swedish,model5p,4,0.4474265338516755,332.4725244386119,0.6911515092048679,2584.795670499825,4076.7532753103947
thai,null,0,-0.8920471064391053,923.9437787671847,1.1488775757029646,3481.3988806490675,4953.725464343708
thai,model1,1,-1.6227871086521835,1280.7862044358408,1.3536292574316202,3359.71241031322,4836.946749286843
thai,model2,2,0.39197140146562115,296.9187389766769,0.6522154650578048,2693.7233910299483,4175.865485282553
thai,model3,2,0.29452520683479744,344.50466058892164,0.7025380314669668,2744.8003116875175,4226.942405940123
thai,model4,1,0.1936820167134815,393.74943775463487,0.7505357530946126,3121.4539024038972,4598.68824137752
thai,model5,3,0.42635688486072076,280.12726832318066,0.6339591932556189,2607.7832550175112,4094.8331045490986
thai,model1p,2,0.3723650826040624,306.4930969696743,0.6626476123270517,2704.5977831463483,4186.7398773989535
thai,model2p,3,0.4090390145170524,288.58410774915194,0.6434574246334068,2684.2193710732163,4171.269220604803
thai,model3p,3,0.3109499257543056,336.48397399394565,0.6948095885998207,2760.460141068145,4247.509990599732
thai,model4p,2,0.409047966941266,288.57973600987077,0.6429914596681037,2682.1849082199265,4164.327002472532
thai,model5p,4,0.43546983566139996,275.6771390585106,0.6293551012543487,2580.1017286606,4072.0593334711702
turkish,null,0,-0.525264530954233,772.0019491515152,1.0501713799943833,3193.89515375391,4666.221737448552
turkish,model1,1,-1.247669480170233,1137.6421496238538,1.2757460997588284,3293.439832619046,4770.674171592669
turkish,model2,2,0.48436561335662043,260.98472983515506,0.6114765935059708,2391.0198192670396,3873.1619135196447
turkish,model3,2,0.38221007549279207,312.69003914183514,0.669313079784444,2565.9809824480694,4048.1230767006746
turkish,model4,1,0.37061306573568975,318.5597843270923,0.6750825566290362,2587.1448948171437,4064.379233790767
turkish,model5,3,0.5149218992954641,245.51887992854228,0.5935072904111817,2334.203457410372,3821.2533069419596
turkish,model1p,2,0.4645092855873212,271.03487092858245,0.6231389149680345,2433.2419323535923,3915.384026606197
turkish,model2p,3,0.5026848636481369,251.71256973109928,0.6009468494189326,2358.744380440671,3845.7942299722586
turkish,model3p,3,0.4069106951027177,300.1879936952116,0.656266551962021,2530.134149120334,4017.183998651921
turkish,model4p,2,0.5026934439930788,251.7082268496613,0.6005110369637464,2356.7055768438568,3838.8476710964624
turkish,model5p,4,0.5208670500583692,242.5097835496401,0.5902826416676002,2326.9451731203126,3818.902777930882
chinese,null,0,-2.1081450439232,2039.5915504193445,1.7069570044042637,4142.161599060317,5614.488182754958
chinese,model1,1,-1.4718724150171099,1622.0639706761804,1.5233349317441895,3677.3285058087395,5154.562844782363
chinese,model2,2,0.3994218728090113,394.104540256353,0.7514117946778727,2683.6860598520966,4165.828154104702
chinese,model3,2,0.33574501152754765,435.8898451219734,0.7902430124964022,2813.5920864913205,4295.734180743926
chinese,model4,1,0.26250995418787204,483.9473205723274,0.8320711361656246,3002.716306995214,4479.950645968837
chinese,model5,3,0.4090908596886138,387.75966778030516,0.7458730720236666,2658.0734063718082,4145.123255903396
chinese,model1p,2,0.3880799933179375,401.54717927382615,0.7584737911070577,2720.4954807096974,4202.637574962302
chinese,model2p,3,0.4073106026197788,388.92788780345666,0.7469957887898758,2665.0248270310767,4152.0746765626645
chinese,model3p,3,0.3507818991460038,426.0225099436585,0.7818075935049902,2795.923301393205,4282.973150924792
chinese,model4p,2,0.4073149054180979,388.9250642701367,0.746457790152066,2663.0351959017917,4145.177290154397
chinese,model5p,4,0.41139567955379674,386.247225131769,0.7449516156584144,2658.1641291322744,4150.121733942844
